{
  "project_info": {
    "project_number": "1057253458200",
    "firebase_url": "https://paper-savers-403d8.firebaseio.com",
    "project_id": "paper-savers-403d8",
    "storage_bucket": "paper-savers-403d8.appspot.com"
  },
  "client": [
    {
      "client_info": {
        "mobilesdk_app_id": "1:1057253458200:android:2caee5030dada872549e6d",
        "android_client_info": {
          "package_name": "ericscalise.cs499.papersavers"
        }
      },
      "oauth_client": [
        {
          "client_id": "1057253458200-5ire5v4nio8bvbbhg89kvhj06fds8mhu.apps.googleusercontent.com",
          "client_type": 1,
          "android_info": {
            "package_name": "ericscalise.cs499.papersavers",
            "certificate_hash": "a3f2b64d6d74778561719b09c768e717f24b2ed5"
          }
        },
        {
          "client_id": "1057253458200-sjt4b1abkttjpbcu1ljgcl31jlrpu1nt.apps.googleusercontent.com",
          "client_type": 3
        }
      ],
      "api_key": [
        {
          "current_key": "AIzaSyCrcl23fFLXDW_vrdxjwG3_73QJZ9Url9M"
        }
      ],
      "services": {
        "appinvite_service": {
          "other_platform_oauth_client": [
            {
              "client_id": "1057253458200-sjt4b1abkttjpbcu1ljgcl31jlrpu1nt.apps.googleusercontent.com",
              "client_type": 3
            }
          ]
        }
      }
    }
  ],
  "configuration_version": "1"
}