{
  "project_info": {
    "project_number": "16923217041",
    "firebase_url": "https://paper-saver.firebaseio.com",
    "project_id": "paper-saver",
    "storage_bucket": "paper-saver.appspot.com"
  },
  "client": [
    {
      "client_info": {
        "mobilesdk_app_id": "1:16923217041:android:fbfbb6b447368165a88330",
        "android_client_info": {
          "package_name": "ericscalise.cs499.papersaver"
        }
      },
      "oauth_client": [
        {
          "client_id": "16923217041-nal6ebc1ddt0jpne7sbf2uhsvi7ta3ie.apps.googleusercontent.com",
          "client_type": 1,
          "android_info": {
            "package_name": "ericscalise.cs499.papersaver",
            "certificate_hash": "a3f2b64d6d74778561719b09c768e717f24b2ed5"
          }
        },
        {
          "client_id": "16923217041-qthos44l2v2c0pgl5i6bv3t96q9mns7g.apps.googleusercontent.com",
          "client_type": 3
        }
      ],
      "api_key": [
        {
          "current_key": "AIzaSyDNFljJOMNGpBnKLBdXrjePzhjG3rCsjxE"
        }
      ],
      "services": {
        "appinvite_service": {
          "other_platform_oauth_client": [
            {
              "client_id": "16923217041-qthos44l2v2c0pgl5i6bv3t96q9mns7g.apps.googleusercontent.com",
              "client_type": 3
            }
          ]
        }
      }
    }
  ],
  "configuration_version": "1"
}